url,text
https://www.newsweek.com/dog-found-all-four-paws-ears-cut-off-transformed-against-all-odds-1993459,Dog Found With All Four Paws Cut Off Transformed Against All Odds
https://www.newsweek.com/disabled-dog-covered-maggots-finds-forever-home-1979609,Disabled Dog Covered in Maggots Finds Forever Home
https://www.cbsnews.com/amp/news/unstoppable-dogs-disabilities-therapy-huntingon-beach-abuse-survivors-debbie-pearl/,Unstoppable Dogs: Disabilities Turned Into Therapy Success Stories
https://voiceofoc.org/2023/04/unstoppable-dogs-make-a-difference-for-disabled-seniors/,Unstoppable Dogs Make a Difference for Disabled Seniors
https://celebritypets.net/the-unstoppable-dogs-a-canine-biker-gang-that-triumphed-over-tragedy/,The Unstoppable Dogs: A Canine Biker Gang That Triumphed Over Tragedy
https://www.inspiremore.com/from-abused-to-unstoppable-these-6-dogs-brighten-peoples-lives-everywhere-they-go/,From Abused to Unstoppable: 6 Dogs That Brighten Lives Everywhere
https://www.instagram.com/tv/CYXlmRBFQWz/?igshid=YmMyMTA2M2Y=,Unstoppable Dogs on Instagram TV
https://www.latimes.com/socal/daily-pilot/news/tn-dpt-me-hb-dog-shelby-20190304-story.html,LA Times: A Story of Triumph for Shelby the Dog
https://www.yahoo.com/?err=404&err_url=https%3A%2F%2Fwww.yahoo.com%2Flifestyle%2Fzeeky-disabled-rescue-dog-inspiring-150033360.html%3Fguccounter%3D2%26guce_referrer%3DaHR0cHM6Ly9saW5rdHIuZWUv%26guce_referrer_sig%3DAQAAACe3F7Mxi7HfvSmWw3XZ8DaHzh1YoeYpG92LkE6J1txqPi54wCqBfHLfY3Bb_ToG6-nKEAvSykTkkBJm4ybl6JfAqDJlU7oaziy2xhZM7-opFitFDDwvPZVSvxOevisdk_cKHQ0SNrFesQ2W5WOW5K05_30JzulEX5LSCs7OH_6Q,Zeeky: Disabled Rescue Dog Inspires Millions
https://www.youtube.com/watch?v=0X2fq3nZp7s&t=17s,Unstoppable Dogs on YouTube
https://voyagela.com/interview/meet-debbie-pearl-of-huntington-beach/,Meet Debbie Pearl of Huntington Beach